{"A<B": {"A<B": {"A<B": [42.37468057874263, -71.13409264574024], "A=B": [42.37661101882665, -71.13409264574024], "A>B": [42.37468057874263, -71.13409264574024]}, "A=B": {"A<B": [42.37564579878464, -71.13290691499606], "A=B": [42.383850169141745, -71.13409264574024], "A>B": [42.37468057874263, -71.13409264574024]}, "A>B": {"A<B": [42.373715358700615, -71.13053545350768], "A=B": [42.38191972905772, -71.12519966515885], "A>B": [42.38191972905772, -71.12519966515885]}}, "A=B": {"A<B": {"A<B": [42.37468057874263, -71.13409264574024], "A=B": [42.37612840880565, -71.13349978036814], "A>B": [42.37468057874263, -71.13409264574024]}, "A=B": {"A<B": [42.37468057874263, -71.13409264574024], "A=B": [42.383850169141745, -71.13409264574024]}}}